<?xml version="1.0" encoding="UTF-8"?>
<project xmlns="http://www.netbeans.org/ns/project/1">
    <type>com.microchip.mplab.nbide.embedded.makeproject</type>
    <configuration>
        <data xmlns="http://www.netbeans.org/ns/make-project/1">
            <name>RasPiZero_Encoder</name>
            <creation-uuid>88b589f9-4a97-402b-a74b-608c2b3b1b49</creation-uuid>
            <make-project-type>0</make-project-type>
            <c-extensions>c</c-extensions>
            <cpp-extensions/>
            <header-extensions>h</header-extensions>
            <asminc-extensions/>
            <make-dep-projects/>
            <sourceEncoding>ISO-8859-1</sourceEncoding>
        </data>
    </configuration>
</project>
